id,group,url,size
GERO 2315,GERO,https://planner.langaracs.ca/courses/GERO/2315,1
GERO 1200,GERO,https://planner.langaracs.ca/courses/GERO/1200,1
GERO 1215,GERO,https://planner.langaracs.ca/courses/GERO/1215,1
GERO 1300,GERO,https://planner.langaracs.ca/courses/GERO/1300,2
WMDD 4997,WMDD,https://planner.langaracs.ca/courses/WMDD/4997,0
WMDD 4900,WMDD,https://planner.langaracs.ca/courses/WMDD/4900,4
WMDD 4905,WMDD,https://planner.langaracs.ca/courses/WMDD/4905,1
WMDD 4925,WMDD,https://planner.langaracs.ca/courses/WMDD/4925,2
WMDD 4961,WMDD,https://planner.langaracs.ca/courses/WMDD/4961,2
WMDD 4980,WMDD,https://planner.langaracs.ca/courses/WMDD/4980,3
CPSC 1280,CPSC,https://planner.langaracs.ca/courses/CPSC/1280,5
CPSC 1150,CPSC,https://planner.langaracs.ca/courses/CPSC/1150,5
CPSC 1155,CPSC,https://planner.langaracs.ca/courses/CPSC/1155,5
FINA 2260,FINA,https://planner.langaracs.ca/courses/FINA/2260,0
FINA 2160,FINA,https://planner.langaracs.ca/courses/FINA/2160,2
CPSC 2280,CPSC,https://planner.langaracs.ca/courses/CPSC/2280,0
CPSC 2150,CPSC,https://planner.langaracs.ca/courses/CPSC/2150,2
ANTH 2270,ANTH,https://planner.langaracs.ca/courses/ANTH/2270,0
ANTH 1120,ANTH,https://planner.langaracs.ca/courses/ANTH/1120,5
SOCI 1120,SOCI,https://planner.langaracs.ca/courses/SOCI/1120,5
SOCI 1121,SOCI,https://planner.langaracs.ca/courses/SOCI/1121,5
PHOT 2441,PHOT,https://planner.langaracs.ca/courses/PHOT/2441,1
PHOT 1125,PHOT,https://planner.langaracs.ca/courses/PHOT/1125,5
BINF 3100,BINF,https://planner.langaracs.ca/courses/BINF/3100,1
BINF 2100,BINF,https://planner.langaracs.ca/courses/BINF/2100,1
NURS 4265,NURS,https://planner.langaracs.ca/courses/NURS/4265,0
NURS 3321,NURS,https://planner.langaracs.ca/courses/NURS/3321,2
NURS 4161,NURS,https://planner.langaracs.ca/courses/NURS/4161,1
NURS 4163,NURS,https://planner.langaracs.ca/courses/NURS/4163,1
STAT 1123,STAT,https://planner.langaracs.ca/courses/STAT/1123,5
CHIN 2217,CHIN,https://planner.langaracs.ca/courses/CHIN/2217,0
CHIN 2215,CHIN,https://planner.langaracs.ca/courses/CHIN/2215,1
WMDD 4850,WMDD,https://planner.langaracs.ca/courses/WMDD/4850,1
PHOT 2486,PHOT,https://planner.langaracs.ca/courses/PHOT/2486,0
PHOT 2485,PHOT,https://planner.langaracs.ca/courses/PHOT/2485,1
FMGT 4824,FMGT,https://planner.langaracs.ca/courses/FMGT/4824,3
FMGT 4820,FMGT,https://planner.langaracs.ca/courses/FMGT/4820,3
CPSC 2650,CPSC,https://planner.langaracs.ca/courses/CPSC/2650,0
CPSC 2350,CPSC,https://planner.langaracs.ca/courses/CPSC/2350,1
CPSC 2600,CPSC,https://planner.langaracs.ca/courses/CPSC/2600,1
KINS 1110,KINS,https://planner.langaracs.ca/courses/KINS/1110,0
KINS 1100,KINS,https://planner.langaracs.ca/courses/KINS/1100,3
KINS 1131,KINS,https://planner.langaracs.ca/courses/KINS/1131,2
BUSM 1902,BUSM,https://planner.langaracs.ca/courses/BUSM/1902,1
BUSM 1901,BUSM,https://planner.langaracs.ca/courses/BUSM/1901,2
BUSM 4805,BUSM,https://planner.langaracs.ca/courses/BUSM/4805,5
FMGT 4800,FMGT,https://planner.langaracs.ca/courses/FMGT/4800,5
FMGT 4870,FMGT,https://planner.langaracs.ca/courses/FMGT/4870,1
FINA 2262,FINA,https://planner.langaracs.ca/courses/FINA/2262,0
FINA 2162,FINA,https://planner.langaracs.ca/courses/FINA/2162,2
LIBR 1219,LIBR,https://planner.langaracs.ca/courses/LIBR/1219,1
LIBR 1111,LIBR,https://planner.langaracs.ca/courses/LIBR/1111,5
LIBR 1118,LIBR,https://planner.langaracs.ca/courses/LIBR/1118,3
ENGL 2327,ENGL,https://planner.langaracs.ca/courses/ENGL/2327,0
ENGL 2227,ENGL,https://planner.langaracs.ca/courses/ENGL/2227,1
BUSM 4820,BUSM,https://planner.langaracs.ca/courses/BUSM/4820,3
BUSM 4800,BUSM,https://planner.langaracs.ca/courses/BUSM/4800,1
ECON 2155,ECON,https://planner.langaracs.ca/courses/ECON/2155,0
ECON 1220,ECON,https://planner.langaracs.ca/courses/ECON/1220,5
ECON 1221,ECON,https://planner.langaracs.ca/courses/ECON/1221,5
ECON 2260,ECON,https://planner.langaracs.ca/courses/ECON/2260,0
ECON 2221,ECON,https://planner.langaracs.ca/courses/ECON/2221,0
ECON 2280,ECON,https://planner.langaracs.ca/courses/ECON/2280,0
ECON 2210,ECON,https://planner.langaracs.ca/courses/ECON/2210,0
ENGL 1099,ENGL,https://planner.langaracs.ca/courses/ENGL/1099,0
ENGL 1098,ENGL,https://planner.langaracs.ca/courses/ENGL/1098,1
FLMA 1220,FLMA,https://planner.langaracs.ca/courses/FLMA/1220,0
FLMA 1120,FLMA,https://planner.langaracs.ca/courses/FLMA/1120,1
JOUR 2330,JOUR,https://planner.langaracs.ca/courses/JOUR/2330,1
JOUR 1178,JOUR,https://planner.langaracs.ca/courses/JOUR/1178,2
COOP 4301,COOP,https://planner.langaracs.ca/courses/COOP/4301,0
COOP 3301,COOP,https://planner.langaracs.ca/courses/COOP/3301,2
SSRV 1230,SSRV,https://planner.langaracs.ca/courses/SSRV/1230,1
SSRV 1131,SSRV,https://planner.langaracs.ca/courses/SSRV/1131,3
EXPE 4802,EXPE,https://planner.langaracs.ca/courses/EXPE/4802,4
EXPE 4801,EXPE,https://planner.langaracs.ca/courses/EXPE/4801,5
BINF 1100,BINF,https://planner.langaracs.ca/courses/BINF/1100,1
LIBR 2416,LIBR,https://planner.langaracs.ca/courses/LIBR/2416,2
EDAS 1211,EDAS,https://planner.langaracs.ca/courses/EDAS/1211,1
EDAS 1111,EDAS,https://planner.langaracs.ca/courses/EDAS/1111,1
SSRV 1231,SSRV,https://planner.langaracs.ca/courses/SSRV/1231,0
BUSM 4830,BUSM,https://planner.langaracs.ca/courses/BUSM/4830,0
BUSM 4810,BUSM,https://planner.langaracs.ca/courses/BUSM/4810,3
DANA 4810,DANA,https://planner.langaracs.ca/courses/DANA/4810,3
FINA 2135,FINA,https://planner.langaracs.ca/courses/FINA/2135,1
FINA 1120,FINA,https://planner.langaracs.ca/courses/FINA/1120,4
FINA 1131,FINA,https://planner.langaracs.ca/courses/FINA/1131,1
FINA 1161,FINA,https://planner.langaracs.ca/courses/FINA/1161,5
GERO 1916,GERO,https://planner.langaracs.ca/courses/GERO/1916,0
GERO 1816,GERO,https://planner.langaracs.ca/courses/GERO/1816,1
CPSC 4260,CPSC,https://planner.langaracs.ca/courses/CPSC/4260,0
CPSC 4160,CPSC,https://planner.langaracs.ca/courses/CPSC/4160,1
PSYC 2326,PSYC,https://planner.langaracs.ca/courses/PSYC/2326,0
PSYC 1115,PSYC,https://planner.langaracs.ca/courses/PSYC/1115,5
PSYC 1215,PSYC,https://planner.langaracs.ca/courses/PSYC/1215,5
PSYC 2325,PSYC,https://planner.langaracs.ca/courses/PSYC/2325,0
EDAS 1311,EDAS,https://planner.langaracs.ca/courses/EDAS/1311,0
FINA 2271,FINA,https://planner.langaracs.ca/courses/FINA/2271,0
FINA 2171,FINA,https://planner.langaracs.ca/courses/FINA/2171,2
PHOT 2425,PHOT,https://planner.langaracs.ca/courses/PHOT/2425,1
PHOT 2305,PHOT,https://planner.langaracs.ca/courses/PHOT/2305,3
PHOT 2310,PHOT,https://planner.langaracs.ca/courses/PHOT/2310,3
PHOT 2325,PHOT,https://planner.langaracs.ca/courses/PHOT/2325,2
MARK 4195,MARK,https://planner.langaracs.ca/courses/MARK/4195,0
MARK 1115,MARK,https://planner.langaracs.ca/courses/MARK/1115,5
FMGT 2350,FMGT,https://planner.langaracs.ca/courses/FMGT/2350,0
FMGT 1115,FMGT,https://planner.langaracs.ca/courses/FMGT/1115,5
FMGT 1116,FMGT,https://planner.langaracs.ca/courses/FMGT/1116,5
FMGT 2293,FMGT,https://planner.langaracs.ca/courses/FMGT/2293,5
PHYS 2409,PHYS,https://planner.langaracs.ca/courses/PHYS/2409,0
PHYS 2309,PHYS,https://planner.langaracs.ca/courses/PHYS/2309,1
BUSM 4840,BUSM,https://planner.langaracs.ca/courses/BUSM/4840,0
NURS 5150,NURS,https://planner.langaracs.ca/courses/NURS/5150,3
CPSC 1045,CPSC,https://planner.langaracs.ca/courses/CPSC/1045,5
CPSC 1030,CPSC,https://planner.langaracs.ca/courses/CPSC/1030,3
CPSC 1040,CPSC,https://planner.langaracs.ca/courses/CPSC/1040,5
GERO 1100,GERO,https://planner.langaracs.ca/courses/GERO/1100,5
POLI 2245,POLI,https://planner.langaracs.ca/courses/POLI/2245,0
POLI 1119,POLI,https://planner.langaracs.ca/courses/POLI/1119,5
POLI 1140,POLI,https://planner.langaracs.ca/courses/POLI/1140,4
POLI 1145,POLI,https://planner.langaracs.ca/courses/POLI/1145,4
ENGL 1108,ENGL,https://planner.langaracs.ca/courses/ENGL/1108,5
ENGL 1107,ENGL,https://planner.langaracs.ca/courses/ENGL/1107,5
DANA 4850,DANA,https://planner.langaracs.ca/courses/DANA/4850,0
CPSC 4830,CPSC,https://planner.langaracs.ca/courses/CPSC/4830,1
DANA 4830,DANA,https://planner.langaracs.ca/courses/DANA/4830,1
DANA 4840,DANA,https://planner.langaracs.ca/courses/DANA/4840,1
PSYC 3240,PSYC,https://planner.langaracs.ca/courses/PSYC/3240,0
BUSM 2200,BUSM,https://planner.langaracs.ca/courses/BUSM/2200,5
PSYC 3220,PSYC,https://planner.langaracs.ca/courses/PSYC/3220,0
PSYC 3200,PSYC,https://planner.langaracs.ca/courses/PSYC/3200,0
PSYC 3230,PSYC,https://planner.langaracs.ca/courses/PSYC/3230,0
WMDD 4885,WMDD,https://planner.langaracs.ca/courses/WMDD/4885,1
FINA 2240,FINA,https://planner.langaracs.ca/courses/FINA/2240,0
FINA 2140,FINA,https://planner.langaracs.ca/courses/FINA/2140,2
COOP 2501,COOP,https://planner.langaracs.ca/courses/COOP/2501,4
COOP 2514,COOP,https://planner.langaracs.ca/courses/COOP/2514,0
ECED 1202,ECED,https://planner.langaracs.ca/courses/ECED/1202,0
ECED 1102,ECED,https://planner.langaracs.ca/courses/ECED/1102,2
FINA 2115,FINA,https://planner.langaracs.ca/courses/FINA/2115,1
FINA 1111,FINA,https://planner.langaracs.ca/courses/FINA/1111,2
WMDD 4910,WMDD,https://planner.langaracs.ca/courses/WMDD/4910,0
WMDD 4811,WMDD,https://planner.langaracs.ca/courses/WMDD/4811,3
LIBR 2411,LIBR,https://planner.langaracs.ca/courses/LIBR/2411,1
DSGN 1253,DSGN,https://planner.langaracs.ca/courses/DSGN/1253,1
DSGN 1153,DSGN,https://planner.langaracs.ca/courses/DSGN/1153,4
WMDD 4945,WMDD,https://planner.langaracs.ca/courses/WMDD/4945,0
WMDD 4930,WMDD,https://planner.langaracs.ca/courses/WMDD/4930,3
WMDD 4940,WMDD,https://planner.langaracs.ca/courses/WMDD/4940,0
FMGT 4880,FMGT,https://planner.langaracs.ca/courses/FMGT/4880,1
DASH 2000,DASH,https://planner.langaracs.ca/courses/DASH/2000,1
DASH 1199,DASH,https://planner.langaracs.ca/courses/DASH/1199,2
BIOL 4415,BIOL,https://planner.langaracs.ca/courses/BIOL/4415,0
BIOL 2315,BIOL,https://planner.langaracs.ca/courses/BIOL/2315,2
BIOL 4315,BIOL,https://planner.langaracs.ca/courses/BIOL/4315,1
FLMA 1281,FLMA,https://planner.langaracs.ca/courses/FLMA/1281,0
FLMA 1170,FLMA,https://planner.langaracs.ca/courses/FLMA/1170,5
FLMA 1181,FLMA,https://planner.langaracs.ca/courses/FLMA/1181,1
DSGN 2254,DSGN,https://planner.langaracs.ca/courses/DSGN/2254,0
DSGN 2054,DSGN,https://planner.langaracs.ca/courses/DSGN/2054,2
DSGN 2155,DSGN,https://planner.langaracs.ca/courses/DSGN/2155,4
DSGN 2151,DSGN,https://planner.langaracs.ca/courses/DSGN/2151,5
DSGN 2354,DSGN,https://planner.langaracs.ca/courses/DSGN/2354,0
CHIN 1217,CHIN,https://planner.langaracs.ca/courses/CHIN/1217,1
CHIN 1117,CHIN,https://planner.langaracs.ca/courses/CHIN/1117,1
MATH 1275,MATH,https://planner.langaracs.ca/courses/MATH/1275,5
MATH 1171,MATH,https://planner.langaracs.ca/courses/MATH/1171,5
MATH 1173,MATH,https://planner.langaracs.ca/courses/MATH/1173,5
MATH 1174,MATH,https://planner.langaracs.ca/courses/MATH/1174,5
MATH 1175,MATH,https://planner.langaracs.ca/courses/MATH/1175,5
MATH 1253,MATH,https://planner.langaracs.ca/courses/MATH/1253,5
POLI 1195,POLI,https://planner.langaracs.ca/courses/POLI/1195,3
GERO 2400,GERO,https://planner.langaracs.ca/courses/GERO/2400,0
GERO 1400,GERO,https://planner.langaracs.ca/courses/GERO/1400,1
CHIN 1215,CHIN,https://planner.langaracs.ca/courses/CHIN/1215,1
CHIN 1115,CHIN,https://planner.langaracs.ca/courses/CHIN/1115,1
SOCI 2223,SOCI,https://planner.langaracs.ca/courses/SOCI/2223,0
SOCI 1127,SOCI,https://planner.langaracs.ca/courses/SOCI/1127,5
SOCI 2222,SOCI,https://planner.langaracs.ca/courses/SOCI/2222,0
SOCI 2240,SOCI,https://planner.langaracs.ca/courses/SOCI/2240,0
SOCI 2260,SOCI,https://planner.langaracs.ca/courses/SOCI/2260,0
SOCI 2225,SOCI,https://planner.langaracs.ca/courses/SOCI/2225,0
SOCI 2220,SOCI,https://planner.langaracs.ca/courses/SOCI/2220,0
SOCI 2205,SOCI,https://planner.langaracs.ca/courses/SOCI/2205,0
SOCI 2230,SOCI,https://planner.langaracs.ca/courses/SOCI/2230,0
SOCI 2210,SOCI,https://planner.langaracs.ca/courses/SOCI/2210,0
SOCI 2200,SOCI,https://planner.langaracs.ca/courses/SOCI/2200,0
SOCI 2250,SOCI,https://planner.langaracs.ca/courses/SOCI/2250,0
PHOT 1150,PHOT,https://planner.langaracs.ca/courses/PHOT/1150,0
PHOT 1100,PHOT,https://planner.langaracs.ca/courses/PHOT/1100,3
PHOT 1105,PHOT,https://planner.langaracs.ca/courses/PHOT/1105,5
JOUR 2475,JOUR,https://planner.langaracs.ca/courses/JOUR/2475,0
JOUR 2279,JOUR,https://planner.langaracs.ca/courses/JOUR/2279,1
JOUR 2380,JOUR,https://planner.langaracs.ca/courses/JOUR/2380,1
FREN 1117,FREN,https://planner.langaracs.ca/courses/FREN/1117,2
French 11,HS Course,,1
FREN 1215,FREN,https://planner.langaracs.ca/courses/FREN/1215,2
APPL 5240,APPL,https://planner.langaracs.ca/courses/APPL/5240,2
APPL 5110,APPL,https://planner.langaracs.ca/courses/APPL/5110,5
APPL 5120,APPL,https://planner.langaracs.ca/courses/APPL/5120,5
APPL 5130,APPL,https://planner.langaracs.ca/courses/APPL/5130,5
APPL 5140,APPL,https://planner.langaracs.ca/courses/APPL/5140,5
APPL 5220,APPL,https://planner.langaracs.ca/courses/APPL/5220,2
APPL 5210,APPL,https://planner.langaracs.ca/courses/APPL/5210,2
APPL 5230,APPL,https://planner.langaracs.ca/courses/APPL/5230,2
ECED 2419,ECED,https://planner.langaracs.ca/courses/ECED/2419,0
ECED 2415,ECED,https://planner.langaracs.ca/courses/ECED/2415,3
ECED 2417,ECED,https://planner.langaracs.ca/courses/ECED/2417,2
ECED 2418,ECED,https://planner.langaracs.ca/courses/ECED/2418,1
PSYC 2318,PSYC,https://planner.langaracs.ca/courses/PSYC/2318,3
GEOG 2280,GEOG,https://planner.langaracs.ca/courses/GEOG/2280,0
GEOG 1180,GEOG,https://planner.langaracs.ca/courses/GEOG/1180,1
POLI 2260,POLI,https://planner.langaracs.ca/courses/POLI/2260,0
PHIL 2226,PHIL,https://planner.langaracs.ca/courses/PHIL/2226,1
POLI 1160,POLI,https://planner.langaracs.ca/courses/POLI/1160,4
BIOL 2450,BIOL,https://planner.langaracs.ca/courses/BIOL/2450,0
BIOL 1115,BIOL,https://planner.langaracs.ca/courses/BIOL/1115,5
BIOL 1215,BIOL,https://planner.langaracs.ca/courses/BIOL/1215,5
BIOL 2440,BIOL,https://planner.langaracs.ca/courses/BIOL/2440,0
PHOT 1110,PHOT,https://planner.langaracs.ca/courses/PHOT/1110,3
MATH 4801,MATH,https://planner.langaracs.ca/courses/MATH/4801,2
Data Analytics Mathematics Assessment (DAMA),Exam,,1
BIOL 2415,BIOL,https://planner.langaracs.ca/courses/BIOL/2415,0
PHOT 1120,PHOT,https://planner.langaracs.ca/courses/PHOT/1120,2
PHOT 1205,PHOT,https://planner.langaracs.ca/courses/PHOT/1205,4
PHOT 1210,PHOT,https://planner.langaracs.ca/courses/PHOT/1210,3
PHOT 1225,PHOT,https://planner.langaracs.ca/courses/PHOT/1225,3
FINA 2272,FINA,https://planner.langaracs.ca/courses/FINA/2272,0
FINA 2172,FINA,https://planner.langaracs.ca/courses/FINA/2172,2
DSGN 1256,DSGN,https://planner.langaracs.ca/courses/DSGN/1256,2
DSGN 1156,DSGN,https://planner.langaracs.ca/courses/DSGN/1156,1
FMGT 4828,FMGT,https://planner.langaracs.ca/courses/FMGT/4828,0
WMDD 4860,WMDD,https://planner.langaracs.ca/courses/WMDD/4860,1
FMGT 4810,FMGT,https://planner.langaracs.ca/courses/FMGT/4810,1
LIBR 2195,LIBR,https://planner.langaracs.ca/courses/LIBR/2195,0
LIBR 1120,LIBR,https://planner.langaracs.ca/courses/LIBR/1120,1
LIBR 2328,LIBR,https://planner.langaracs.ca/courses/LIBR/2328,2
NURS 5275,NURS,https://planner.langaracs.ca/courses/NURS/5275,1
NURS 5100,NURS,https://planner.langaracs.ca/courses/NURS/5100,3
NURS 5125,NURS,https://planner.langaracs.ca/courses/NURS/5125,3
NURS 5145,NURS,https://planner.langaracs.ca/courses/NURS/5145,3
NURS 5185,NURS,https://planner.langaracs.ca/courses/NURS/5185,1
POLI 2229,POLI,https://planner.langaracs.ca/courses/POLI/2229,0
POLI 1100,POLI,https://planner.langaracs.ca/courses/POLI/1100,5
POLI 2250,POLI,https://planner.langaracs.ca/courses/POLI/2250,3
FREN 1219,FREN,https://planner.langaracs.ca/courses/FREN/1219,0
FREN 1119,FREN,https://planner.langaracs.ca/courses/FREN/1119,1
CPSC 2810,CPSC,https://planner.langaracs.ca/courses/CPSC/2810,0
CPSC 1160,CPSC,https://planner.langaracs.ca/courses/CPSC/1160,5
CPSC 1181,CPSC,https://planner.langaracs.ca/courses/CPSC/1181,5
FMGT 4540,FMGT,https://planner.langaracs.ca/courses/FMGT/4540,0
FMGT 4225,FMGT,https://planner.langaracs.ca/courses/FMGT/4225,2
FMGT 4875,FMGT,https://planner.langaracs.ca/courses/FMGT/4875,1
FMGT 4510,FMGT,https://planner.langaracs.ca/courses/FMGT/4510,5
ECED 1219,ECED,https://planner.langaracs.ca/courses/ECED/1219,1
ECED 1119,ECED,https://planner.langaracs.ca/courses/ECED/1119,2
DSGN 1250,DSGN,https://planner.langaracs.ca/courses/DSGN/1250,3
STAT 4810,STAT,https://planner.langaracs.ca/courses/STAT/4810,0
STAT 4800,STAT,https://planner.langaracs.ca/courses/STAT/4800,3
FINA 1220,FINA,https://planner.langaracs.ca/courses/FINA/1220,1
GEOL 2207,GEOL,https://planner.langaracs.ca/courses/GEOL/2207,0
GEOG 1190,GEOG,https://planner.langaracs.ca/courses/GEOG/1190,2
GEOL 1107,GEOL,https://planner.langaracs.ca/courses/GEOL/1107,2
GEOL 1110,GEOL,https://planner.langaracs.ca/courses/GEOL/1110,2
GEOG 2290,GEOG,https://planner.langaracs.ca/courses/GEOG/2290,0
WMDD 4800,WMDD,https://planner.langaracs.ca/courses/WMDD/4800,2
WMDD 4815,WMDD,https://planner.langaracs.ca/courses/WMDD/4815,4
WMDD 4820,WMDD,https://planner.langaracs.ca/courses/WMDD/4820,4
WMDD 4825,WMDD,https://planner.langaracs.ca/courses/WMDD/4825,3
FMGT 4818,FMGT,https://planner.langaracs.ca/courses/FMGT/4818,1
PSYC 3210,PSYC,https://planner.langaracs.ca/courses/PSYC/3210,0
ECED 1218,ECED,https://planner.langaracs.ca/courses/ECED/1218,0
ECED 1118,ECED,https://planner.langaracs.ca/courses/ECED/1118,2
FMGT 4560,FMGT,https://planner.langaracs.ca/courses/FMGT/4560,0
FMGT 3121,FMGT,https://planner.langaracs.ca/courses/FMGT/3121,3
FMGT 4550,FMGT,https://planner.langaracs.ca/courses/FMGT/4550,0
RECR 1002,RECR,https://planner.langaracs.ca/courses/RECR/1002,0
RECR 1000,RECR,https://planner.langaracs.ca/courses/RECR/1000,1
RECR 1001,RECR,https://planner.langaracs.ca/courses/RECR/1001,1
FREN 1115,FREN,https://planner.langaracs.ca/courses/FREN/1115,2
ENVS 2410,ENVS,https://planner.langaracs.ca/courses/ENVS/2410,0
ENGL 1123,ENGL,https://planner.langaracs.ca/courses/ENGL/1123,5
ENGL 1127,ENGL,https://planner.langaracs.ca/courses/ENGL/1127,5
ENGL 1128,ENGL,https://planner.langaracs.ca/courses/ENGL/1128,5
FMGT 4860,FMGT,https://planner.langaracs.ca/courses/FMGT/4860,1
MATH 4800,MATH,https://planner.langaracs.ca/courses/MATH/4800,1
POLI 2209,POLI,https://planner.langaracs.ca/courses/POLI/2209,0
POLI 2219,POLI,https://planner.langaracs.ca/courses/POLI/2219,0
DSGN 1155,DSGN,https://planner.langaracs.ca/courses/DSGN/1155,1
CHIN 2213,CHIN,https://planner.langaracs.ca/courses/CHIN/2213,0
CHIN 2211,CHIN,https://planner.langaracs.ca/courses/CHIN/2211,1
JOUR 2420,JOUR,https://planner.langaracs.ca/courses/JOUR/2420,0
JOUR 1122,JOUR,https://planner.langaracs.ca/courses/JOUR/1122,3
JOUR 1128,JOUR,https://planner.langaracs.ca/courses/JOUR/1128,4
JOUR 1224,JOUR,https://planner.langaracs.ca/courses/JOUR/1224,1
JOUR 1244,JOUR,https://planner.langaracs.ca/courses/JOUR/1244,1
THEA 2360,THEA,https://planner.langaracs.ca/courses/THEA/2360,1
THEA 2260,THEA,https://planner.langaracs.ca/courses/THEA/2260,1
STAT 3225,STAT,https://planner.langaracs.ca/courses/STAT/3225,1
STAT 1181,STAT,https://planner.langaracs.ca/courses/STAT/1181,5
STAT 2281,STAT,https://planner.langaracs.ca/courses/STAT/2281,1
JOUR 1240,JOUR,https://planner.langaracs.ca/courses/JOUR/1240,1
JOUR 1142,JOUR,https://planner.langaracs.ca/courses/JOUR/1142,2
FMGT 2485,FMGT,https://planner.langaracs.ca/courses/FMGT/2485,1
FMGT 1215,FMGT,https://planner.langaracs.ca/courses/FMGT/1215,5
JAPN 1117,JAPN,https://planner.langaracs.ca/courses/JAPN/1117,1
JAPN 1215,JAPN,https://planner.langaracs.ca/courses/JAPN/1215,1
KINS 1132,KINS,https://planner.langaracs.ca/courses/KINS/1132,1
WMST 2274,WMST,https://planner.langaracs.ca/courses/WMST/2274,0
WMST 1116,WMST,https://planner.langaracs.ca/courses/WMST/1116,3
WMST 1216,WMST,https://planner.langaracs.ca/courses/WMST/1216,3
WMST 2272,WMST,https://planner.langaracs.ca/courses/WMST/2272,0
NURS 4109,NURS,https://planner.langaracs.ca/courses/NURS/4109,0
NURS 3309,NURS,https://planner.langaracs.ca/courses/NURS/3309,1
NURS 3362,NURS,https://planner.langaracs.ca/courses/NURS/3362,1
NURS 3363,NURS,https://planner.langaracs.ca/courses/NURS/3363,1
FINA 2111,FINA,https://planner.langaracs.ca/courses/FINA/2111,1
FINA 1171,FINA,https://planner.langaracs.ca/courses/FINA/1171,5
EDAS 1210,EDAS,https://planner.langaracs.ca/courses/EDAS/1210,0
EDAS 1110,EDAS,https://planner.langaracs.ca/courses/EDAS/1110,1
NURS 5280,NURS,https://planner.langaracs.ca/courses/NURS/5280,1
NURS 5120,NURS,https://planner.langaracs.ca/courses/NURS/5120,5
THEA 2160,THEA,https://planner.langaracs.ca/courses/THEA/2160,1
BIOL 2470,BIOL,https://planner.langaracs.ca/courses/BIOL/2470,0
BIOL 2370,BIOL,https://planner.langaracs.ca/courses/BIOL/2370,1
INTB 4810,INTB,https://planner.langaracs.ca/courses/INTB/4810,0
JOUR 2456,JOUR,https://planner.langaracs.ca/courses/JOUR/2456,0
CPSC 1490,CPSC,https://planner.langaracs.ca/courses/CPSC/1490,0
ECED 1319,ECED,https://planner.langaracs.ca/courses/ECED/1319,1
FLMA 1282,FLMA,https://planner.langaracs.ca/courses/FLMA/1282,0
FLMA 1182,FLMA,https://planner.langaracs.ca/courses/FLMA/1182,1
PHOT 1151,PHOT,https://planner.langaracs.ca/courses/PHOT/1151,0
PSYC 2333,PSYC,https://planner.langaracs.ca/courses/PSYC/2333,0
PSYC 2413,PSYC,https://planner.langaracs.ca/courses/PSYC/2413,0
PSYC 2319,PSYC,https://planner.langaracs.ca/courses/PSYC/2319,0
PSYC 2341,PSYC,https://planner.langaracs.ca/courses/PSYC/2341,0
PSYC 2331,PSYC,https://planner.langaracs.ca/courses/PSYC/2331,0
PSYC 2329,PSYC,https://planner.langaracs.ca/courses/PSYC/2329,0
MARK 4810,MARK,https://planner.langaracs.ca/courses/MARK/4810,1
MARK 4800,MARK,https://planner.langaracs.ca/courses/MARK/4800,5
BIOL 2380,BIOL,https://planner.langaracs.ca/courses/BIOL/2380,0
BIOL 2340,BIOL,https://planner.langaracs.ca/courses/BIOL/2340,0
BIOL 2330,BIOL,https://planner.langaracs.ca/courses/BIOL/2330,0
FMGT 2423,FMGT,https://planner.langaracs.ca/courses/FMGT/2423,0
FMGT 2294,FMGT,https://planner.langaracs.ca/courses/FMGT/2294,5
WMDD 4915,WMDD,https://planner.langaracs.ca/courses/WMDD/4915,0
CPSC 1491,CPSC,https://planner.langaracs.ca/courses/CPSC/1491,0
PHOT 2475,PHOT,https://planner.langaracs.ca/courses/PHOT/2475,1
BIOL 2292,BIOL,https://planner.langaracs.ca/courses/BIOL/2292,5
BIOL 2192,BIOL,https://planner.langaracs.ca/courses/BIOL/2192,5
NURS 1263,NURS,https://planner.langaracs.ca/courses/NURS/1263,5
ECED 1329,ECED,https://planner.langaracs.ca/courses/ECED/1329,0
LIBR 2418,LIBR,https://planner.langaracs.ca/courses/LIBR/2418,2
SOCI 2270,SOCI,https://planner.langaracs.ca/courses/SOCI/2270,0
CPSC 4810,CPSC,https://planner.langaracs.ca/courses/CPSC/4810,1
CPSC 4800,CPSC,https://planner.langaracs.ca/courses/CPSC/4800,2
GEOL 2215,GEOL,https://planner.langaracs.ca/courses/GEOL/2215,0
GEOL 1115,GEOL,https://planner.langaracs.ca/courses/GEOL/1115,1
ENGL 2286,ENGL,https://planner.langaracs.ca/courses/ENGL/2286,0
ENGL 2226,ENGL,https://planner.langaracs.ca/courses/ENGL/2226,1
THEA 3460,THEA,https://planner.langaracs.ca/courses/THEA/3460,0
CPSC 4820,CPSC,https://planner.langaracs.ca/courses/CPSC/4820,1
DANA 4800,DANA,https://planner.langaracs.ca/courses/DANA/4800,3
MARK 4830,MARK,https://planner.langaracs.ca/courses/MARK/4830,0
MARK 4820,MARK,https://planner.langaracs.ca/courses/MARK/4820,3
INTB 4800,INTB,https://planner.langaracs.ca/courses/INTB/4800,0
POLI 2239,POLI,https://planner.langaracs.ca/courses/POLI/2239,0
FINA 2241,FINA,https://planner.langaracs.ca/courses/FINA/2241,0
FINA 2141,FINA,https://planner.langaracs.ca/courses/FINA/2141,2
FMGT 4530,FMGT,https://planner.langaracs.ca/courses/FMGT/4530,0
FMGT 3263,FMGT,https://planner.langaracs.ca/courses/FMGT/3263,2
WMDD 4921,WMDD,https://planner.langaracs.ca/courses/WMDD/4921,2
WMDD 4855,WMDD,https://planner.langaracs.ca/courses/WMDD/4855,3
BIOL 2480,BIOL,https://planner.langaracs.ca/courses/BIOL/2480,0
BIOL 2260,BIOL,https://planner.langaracs.ca/courses/BIOL/2260,0
ASTR 1101,ASTR,https://planner.langaracs.ca/courses/ASTR/1101,0
Physics 11,HS Course,,3
Mathematics 12,HS Course,,2
Precalculus 12,HS Course,,5
ASTR 1102,ASTR,https://planner.langaracs.ca/courses/ASTR/1102,0
MARK 4840,MARK,https://planner.langaracs.ca/courses/MARK/4840,0
THEA 1110,THEA,https://planner.langaracs.ca/courses/THEA/1110,1
THEA 1120,THEA,https://planner.langaracs.ca/courses/THEA/1120,1
THEA 1130,THEA,https://planner.langaracs.ca/courses/THEA/1130,1
THEA 1140,THEA,https://planner.langaracs.ca/courses/THEA/1140,1
JAPN 1210,JAPN,https://planner.langaracs.ca/courses/JAPN/1210,0
JAPN 1115,JAPN,https://planner.langaracs.ca/courses/JAPN/1115,2
JAPN 1217,JAPN,https://planner.langaracs.ca/courses/JAPN/1217,0
NUTR 2422,NUTR,https://planner.langaracs.ca/courses/NUTR/2422,0
NUTR 2322,NUTR,https://planner.langaracs.ca/courses/NUTR/2322,1
NURS 5285,NURS,https://planner.langaracs.ca/courses/NURS/5285,0
NURS 5265,NURS,https://planner.langaracs.ca/courses/NURS/5265,1
DSGN 1265,DSGN,https://planner.langaracs.ca/courses/DSGN/1265,1
DSGN 1154,DSGN,https://planner.langaracs.ca/courses/DSGN/1154,2
DSGN 1255,DSGN,https://planner.langaracs.ca/courses/DSGN/1255,4
CHEM 2222,CHEM,https://planner.langaracs.ca/courses/CHEM/2222,0
CHEM 1220,CHEM,https://planner.langaracs.ca/courses/CHEM/1220,5
CHEM 2216,CHEM,https://planner.langaracs.ca/courses/CHEM/2216,1
STAT 3222,STAT,https://planner.langaracs.ca/courses/STAT/3222,0
STAT 1124,STAT,https://planner.langaracs.ca/courses/STAT/1124,5
CPSC 3260,CPSC,https://planner.langaracs.ca/courses/CPSC/3260,1
MATH 1252,MATH,https://planner.langaracs.ca/courses/MATH/1252,4
CSIS 1310,CSIS,https://planner.langaracs.ca/courses/CSIS/1310,1
CSIS 1300,CSIS,https://planner.langaracs.ca/courses/CSIS/1300,1
ANTH 2260,ANTH,https://planner.langaracs.ca/courses/ANTH/2260,0
APPL 5330,APPL,https://planner.langaracs.ca/courses/APPL/5330,0
APPL 5340,APPL,https://planner.langaracs.ca/courses/APPL/5340,0
WMDD 4936,WMDD,https://planner.langaracs.ca/courses/WMDD/4936,2
WMDD 4835,WMDD,https://planner.langaracs.ca/courses/WMDD/4835,1
WMDD 4840,WMDD,https://planner.langaracs.ca/courses/WMDD/4840,1
NURS 3265,NURS,https://planner.langaracs.ca/courses/NURS/3265,5
NURS 2221,NURS,https://planner.langaracs.ca/courses/NURS/2221,5
NURS 3130,NURS,https://planner.langaracs.ca/courses/NURS/3130,5
NURS 3160,NURS,https://planner.langaracs.ca/courses/NURS/3160,5
NURS 4122,NURS,https://planner.langaracs.ca/courses/NURS/4122,5
NURS 3162,NURS,https://planner.langaracs.ca/courses/NURS/3162,5
NURS 3264,NURS,https://planner.langaracs.ca/courses/NURS/3264,5
NURS 3209,NURS,https://planner.langaracs.ca/courses/NURS/3209,5
NURS 3261,NURS,https://planner.langaracs.ca/courses/NURS/3261,5
NURS 3262,NURS,https://planner.langaracs.ca/courses/NURS/3262,5
BIOL 3192,BIOL,https://planner.langaracs.ca/courses/BIOL/3192,5
NURS 2209,NURS,https://planner.langaracs.ca/courses/NURS/2209,5
NURS 2260,NURS,https://planner.langaracs.ca/courses/NURS/2260,5
NURS 2261,NURS,https://planner.langaracs.ca/courses/NURS/2261,5
NURS 2263,NURS,https://planner.langaracs.ca/courses/NURS/2263,5
RECR 2388,RECR,https://planner.langaracs.ca/courses/RECR/2388,0
RECR 2288,RECR,https://planner.langaracs.ca/courses/RECR/2288,1
CPSC 2221,CPSC,https://planner.langaracs.ca/courses/CPSC/2221,4
CHEM 2416,CHEM,https://planner.langaracs.ca/courses/CHEM/2416,0
CHEM 2316,CHEM,https://planner.langaracs.ca/courses/CHEM/2316,1
JOUR 1179,JOUR,https://planner.langaracs.ca/courses/JOUR/1179,1
JOUR 1168,JOUR,https://planner.langaracs.ca/courses/JOUR/1168,2
CMNS 2228,CMNS,https://planner.langaracs.ca/courses/CMNS/2228,4
CMNS 1118,CMNS,https://planner.langaracs.ca/courses/CMNS/1118,5
ENGL 1140,ENGL,https://planner.langaracs.ca/courses/ENGL/1140,1
NURS 2109,NURS,https://planner.langaracs.ca/courses/NURS/2109,4
NURS 2160,NURS,https://planner.langaracs.ca/courses/NURS/2160,4
NURS 2161,NURS,https://planner.langaracs.ca/courses/NURS/2161,4
NURS 2163,NURS,https://planner.langaracs.ca/courses/NURS/2163,5
ABST 2100,ABST,https://planner.langaracs.ca/courses/ABST/2100,0
ABST 1100,ABST,https://planner.langaracs.ca/courses/ABST/1100,2
ABST 1102,ABST,https://planner.langaracs.ca/courses/ABST/1102,2
ABST 1104,ABST,https://planner.langaracs.ca/courses/ABST/1104,3
ABST 1115,ABST,https://planner.langaracs.ca/courses/ABST/1115,2
ABST 1116,ABST,https://planner.langaracs.ca/courses/ABST/1116,2
ABST 2101,ABST,https://planner.langaracs.ca/courses/ABST/2101,0
ANTH 2231,ANTH,https://planner.langaracs.ca/courses/ANTH/2231,1
ANTH 1131,ANTH,https://planner.langaracs.ca/courses/ANTH/1131,2
BIOL 1116,BIOL,https://planner.langaracs.ca/courses/BIOL/1116,5
NURS 3161,NURS,https://planner.langaracs.ca/courses/NURS/3161,3
PHIL 1105,PHIL,https://planner.langaracs.ca/courses/PHIL/1105,5
NURS 3364,NURS,https://planner.langaracs.ca/courses/NURS/3364,3
NURS 4100,NURS,https://planner.langaracs.ca/courses/NURS/4100,3
NURS 3367,NURS,https://planner.langaracs.ca/courses/NURS/3367,3
NURS 3165,NURS,https://planner.langaracs.ca/courses/NURS/3165,3
MATH 1271,MATH,https://planner.langaracs.ca/courses/MATH/1271,5
MATH 1273,MATH,https://planner.langaracs.ca/courses/MATH/1273,5
MATH 1274,MATH,https://planner.langaracs.ca/courses/MATH/1274,5
FSRV 2429,FSRV,https://planner.langaracs.ca/courses/FSRV/2429,0
FSRV 1219,FSRV,https://planner.langaracs.ca/courses/FSRV/1219,1
CHEM 2100,CHEM,https://planner.langaracs.ca/courses/CHEM/2100,0
PHOT 1200,PHOT,https://planner.langaracs.ca/courses/PHOT/1200,0
CHEM 2208,CHEM,https://planner.langaracs.ca/courses/CHEM/2208,0
CHEM 1120,CHEM,https://planner.langaracs.ca/courses/CHEM/1120,3
GERO 2110,GERO,https://planner.langaracs.ca/courses/GERO/2110,0
GERO 1115,GERO,https://planner.langaracs.ca/courses/GERO/1115,3
BUSM 4855,BUSM,https://planner.langaracs.ca/courses/BUSM/4855,0
FMGT 4865,FMGT,https://planner.langaracs.ca/courses/FMGT/4865,1
PHOT 2320,PHOT,https://planner.langaracs.ca/courses/PHOT/2320,1
CMNS 1115,CMNS,https://planner.langaracs.ca/courses/CMNS/1115,5
CMNS 1122,CMNS,https://planner.langaracs.ca/courses/CMNS/1122,2
ANTH 2250,ANTH,https://planner.langaracs.ca/courses/ANTH/2250,1
RELS 1110,RELS,https://planner.langaracs.ca/courses/RELS/1110,2
NURS 1209,NURS,https://planner.langaracs.ca/courses/NURS/1209,4
NURS 1260,NURS,https://planner.langaracs.ca/courses/NURS/1260,4
NURS 1261,NURS,https://planner.langaracs.ca/courses/NURS/1261,4
SPAN 2119,SPAN,https://planner.langaracs.ca/courses/SPAN/2119,1
Spanish 12,HS Course,,1
SPAN 1215,SPAN,https://planner.langaracs.ca/courses/SPAN/1215,1
SPAN 1218,SPAN,https://planner.langaracs.ca/courses/SPAN/1218,1
ECON 2298,ECON,https://planner.langaracs.ca/courses/ECON/2298,0
MATH 1153,MATH,https://planner.langaracs.ca/courses/MATH/1153,5
CPSC 2211,CPSC,https://planner.langaracs.ca/courses/CPSC/2211,0
STAT 1182,STAT,https://planner.langaracs.ca/courses/STAT/1182,0
CSIS 2302,CSIS,https://planner.langaracs.ca/courses/CSIS/2302,0
MATH 2310,MATH,https://planner.langaracs.ca/courses/MATH/2310,0
STAT 2225,STAT,https://planner.langaracs.ca/courses/STAT/2225,0
STAT 1127,STAT,https://planner.langaracs.ca/courses/STAT/1127,2
BCAP 4820,BCAP,https://planner.langaracs.ca/courses/BCAP/4820,0
FMGT 4221,FMGT,https://planner.langaracs.ca/courses/FMGT/4221,0
FMGT 1321,FMGT,https://planner.langaracs.ca/courses/FMGT/1321,5
FMGT 2421,FMGT,https://planner.langaracs.ca/courses/FMGT/2421,5
PHYS 1124,PHYS,https://planner.langaracs.ca/courses/PHYS/1124,0
Physics 12,HS Course,,5
PHYS 1118,PHYS,https://planner.langaracs.ca/courses/PHYS/1118,5
Physics Diagnostic Test,Exam,,4
CPSC 2180,CPSC,https://planner.langaracs.ca/courses/CPSC/2180,0
SCIE 1113,SCIE,https://planner.langaracs.ca/courses/SCIE/1113,0
English First Peoples 12,HS Course,,5
English Studies 12,HS Course,,5
Literary Studies 12,HS Course,,5
IELTS,Exam,,5
LET,Exam,,5
BCAP 3100,BCAP,https://planner.langaracs.ca/courses/BCAP/3100,0
BCAP 1200,BCAP,https://planner.langaracs.ca/courses/BCAP/1200,5
NUTR 2112,NUTR,https://planner.langaracs.ca/courses/NUTR/2112,1
NUTR 2212,NUTR,https://planner.langaracs.ca/courses/NUTR/2212,1
BIOL 1111,BIOL,https://planner.langaracs.ca/courses/BIOL/1111,5
BIOL 1175,BIOL,https://planner.langaracs.ca/courses/BIOL/1175,5
BIOL 1190,BIOL,https://planner.langaracs.ca/courses/BIOL/1190,5
BIOL 1216,BIOL,https://planner.langaracs.ca/courses/BIOL/1216,1
BUSM 1500,BUSM,https://planner.langaracs.ca/courses/BUSM/1500,2
STAT 3223,STAT,https://planner.langaracs.ca/courses/STAT/3223,0
STAT 1100,STAT,https://planner.langaracs.ca/courses/STAT/1100,0
MATH 1152,MATH,https://planner.langaracs.ca/courses/MATH/1152,5
MDT,Exam,,5
MATH 1183,MATH,https://planner.langaracs.ca/courses/MATH/1183,5
CPSC 1050,CPSC,https://planner.langaracs.ca/courses/CPSC/1050,2
RECR 4400,RECR,https://planner.langaracs.ca/courses/RECR/4400,0
RECR 1160,RECR,https://planner.langaracs.ca/courses/RECR/1160,5
RECR 3160,RECR,https://planner.langaracs.ca/courses/RECR/3160,1
ENGL 2238,ENGL,https://planner.langaracs.ca/courses/ENGL/2238,0
ENGL 1100,ENGL,https://planner.langaracs.ca/courses/ENGL/1100,5
ENGL 1125,ENGL,https://planner.langaracs.ca/courses/ENGL/1125,5
ENGL 1129,ENGL,https://planner.langaracs.ca/courses/ENGL/1129,5
ENGL 1130,ENGL,https://planner.langaracs.ca/courses/ENGL/1130,5
ENGL 1181,ENGL,https://planner.langaracs.ca/courses/ENGL/1181,5
ENGL 1191,ENGL,https://planner.langaracs.ca/courses/ENGL/1191,5
ENGL 2234,ENGL,https://planner.langaracs.ca/courses/ENGL/2234,0
ENGL 2231,ENGL,https://planner.langaracs.ca/courses/ENGL/2231,0
ENGL 2256,ENGL,https://planner.langaracs.ca/courses/ENGL/2256,0
ENGL 2330,ENGL,https://planner.langaracs.ca/courses/ENGL/2330,0
ENGL 2246,ENGL,https://planner.langaracs.ca/courses/ENGL/2246,0
ENGL 2235,ENGL,https://planner.langaracs.ca/courses/ENGL/2235,0
ENGL 2276,ENGL,https://planner.langaracs.ca/courses/ENGL/2276,0
ENGL 2239,ENGL,https://planner.langaracs.ca/courses/ENGL/2239,0
ENGL 2230,ENGL,https://planner.langaracs.ca/courses/ENGL/2230,0
ENGL 2100,ENGL,https://planner.langaracs.ca/courses/ENGL/2100,0
ENGL 2224,ENGL,https://planner.langaracs.ca/courses/ENGL/2224,0
ENGL 2223,ENGL,https://planner.langaracs.ca/courses/ENGL/2223,0
ENGL 2266,ENGL,https://planner.langaracs.ca/courses/ENGL/2266,0
ENGL 2630,ENGL,https://planner.langaracs.ca/courses/ENGL/2630,0
ENGL 2236,ENGL,https://planner.langaracs.ca/courses/ENGL/2236,0
ENGL 2222,ENGL,https://planner.langaracs.ca/courses/ENGL/2222,0
ENGL 2233,ENGL,https://planner.langaracs.ca/courses/ENGL/2233,0
ENGL 2258,ENGL,https://planner.langaracs.ca/courses/ENGL/2258,0
ENGL 2237,ENGL,https://planner.langaracs.ca/courses/ENGL/2237,0
ENGL 2530,ENGL,https://planner.langaracs.ca/courses/ENGL/2530,0
ENGL 2225,ENGL,https://planner.langaracs.ca/courses/ENGL/2225,0
ENGL 2430,ENGL,https://planner.langaracs.ca/courses/ENGL/2430,0
CHEM 1121,CHEM,https://planner.langaracs.ca/courses/CHEM/1121,1
CHEM 1118,CHEM,https://planner.langaracs.ca/courses/CHEM/1118,2
Chemistry 12,HS Course,,3
MATH 2485,MATH,https://planner.langaracs.ca/courses/MATH/2485,0
MATH 2362,MATH,https://planner.langaracs.ca/courses/MATH/2362,3
STAT 1224,STAT,https://planner.langaracs.ca/courses/STAT/1224,0
STAT 1126,STAT,https://planner.langaracs.ca/courses/STAT/1126,1
DASH 2199,DASH,https://planner.langaracs.ca/courses/DASH/2199,0
SCIE 1114,SCIE,https://planner.langaracs.ca/courses/SCIE/1114,0
FMGT 2500,FMGT,https://planner.langaracs.ca/courses/FMGT/2500,0
FMGT 2116,FMGT,https://planner.langaracs.ca/courses/FMGT/2116,1
FMGT 2325,FMGT,https://planner.langaracs.ca/courses/FMGT/2325,5
FINA 2180,FINA,https://planner.langaracs.ca/courses/FINA/2180,0
AHIS 2250,AHIS,https://planner.langaracs.ca/courses/AHIS/2250,1
FINA 2110,FINA,https://planner.langaracs.ca/courses/FINA/2110,2
FINA 2120,FINA,https://planner.langaracs.ca/courses/FINA/2120,2
FINA 2130,FINA,https://planner.langaracs.ca/courses/FINA/2130,2
FINA 2150,FINA,https://planner.langaracs.ca/courses/FINA/2150,1
FINA 2161,FINA,https://planner.langaracs.ca/courses/FINA/2161,2
FINA 2173,FINA,https://planner.langaracs.ca/courses/FINA/2173,1
FINA 2190,FINA,https://planner.langaracs.ca/courses/FINA/2190,1
FINA 2195,FINA,https://planner.langaracs.ca/courses/FINA/2195,1
French 12,HS Course,,2
FREN 1217,FREN,https://planner.langaracs.ca/courses/FREN/1217,2
FREN 1218,FREN,https://planner.langaracs.ca/courses/FREN/1218,1
CPSC 2401,CPSC,https://planner.langaracs.ca/courses/CPSC/2401,0
CPSC 1401,CPSC,https://planner.langaracs.ca/courses/CPSC/1401,1
BCAP 3200,BCAP,https://planner.langaracs.ca/courses/BCAP/3200,2
CMNS 4810,CMNS,https://planner.langaracs.ca/courses/CMNS/4810,0
ENGL 1120,ENGL,https://planner.langaracs.ca/courses/ENGL/1120,5
ENGL 1110,ENGL,https://planner.langaracs.ca/courses/ENGL/1110,5
BIOL 2350,BIOL,https://planner.langaracs.ca/courses/BIOL/2350,0
ENVS 2100,ENVS,https://planner.langaracs.ca/courses/ENVS/2100,1
PHYS 1101,PHYS,https://planner.langaracs.ca/courses/PHYS/1101,1
SOCI 2233,SOCI,https://planner.langaracs.ca/courses/SOCI/2233,0
SOCI 1122,SOCI,https://planner.langaracs.ca/courses/SOCI/1122,1
SOCI 1125,SOCI,https://planner.langaracs.ca/courses/SOCI/1125,1
SOCI 1130,SOCI,https://planner.langaracs.ca/courses/SOCI/1130,1
DSGN 2252,DSGN,https://planner.langaracs.ca/courses/DSGN/2252,0
DSGN 2154,DSGN,https://planner.langaracs.ca/courses/DSGN/2154,1
DSGN 2253,DSGN,https://planner.langaracs.ca/courses/DSGN/2253,1
DSGN 1151,DSGN,https://planner.langaracs.ca/courses/DSGN/1151,2
DSGN 1152,DSGN,https://planner.langaracs.ca/courses/DSGN/1152,1
DSGN 1252,DSGN,https://planner.langaracs.ca/courses/DSGN/1252,1
DSGN 2152,DSGN,https://planner.langaracs.ca/courses/DSGN/2152,1
FINA 1143,FINA,https://planner.langaracs.ca/courses/FINA/1143,2
CHEM 3216,CHEM,https://planner.langaracs.ca/courses/CHEM/3216,0
POLI 2270,POLI,https://planner.langaracs.ca/courses/POLI/2270,3
EXPE 4814,EXPE,https://planner.langaracs.ca/courses/EXPE/4814,0
EXPE 4803,EXPE,https://planner.langaracs.ca/courses/EXPE/4803,3
PHOT 2440,PHOT,https://planner.langaracs.ca/courses/PHOT/2440,1
NURS 5110,NURS,https://planner.langaracs.ca/courses/NURS/5110,5
NURS 5115,NURS,https://planner.langaracs.ca/courses/NURS/5115,5
NURS 5130,NURS,https://planner.langaracs.ca/courses/NURS/5130,5
NURS 5135,NURS,https://planner.langaracs.ca/courses/NURS/5135,5
CPSC 2130,CPSC,https://planner.langaracs.ca/courses/CPSC/2130,0
FREN 1205,FREN,https://planner.langaracs.ca/courses/FREN/1205,0
BC French 9,HS Course,,1
BC French 10,HS Course,,1
BUSM 5000,BUSM,https://planner.langaracs.ca/courses/BUSM/5000,0
COOP 2300,COOP,https://planner.langaracs.ca/courses/COOP/2300,1
BUSM 4850,BUSM,https://planner.langaracs.ca/courses/BUSM/4850,0
ECED 1101,ECED,https://planner.langaracs.ca/courses/ECED/1101,1
ECED 1112,ECED,https://planner.langaracs.ca/courses/ECED/1112,3
ECED 1115,ECED,https://planner.langaracs.ca/courses/ECED/1115,1
ECED 1116,ECED,https://planner.langaracs.ca/courses/ECED/1116,1
ANTH 2233,ANTH,https://planner.langaracs.ca/courses/ANTH/2233,0
ANTH 1132,ANTH,https://planner.langaracs.ca/courses/ANTH/1132,1
RELS 2210,RELS,https://planner.langaracs.ca/courses/RELS/2210,0
RELS 1120,RELS,https://planner.langaracs.ca/courses/RELS/1120,1
RELS 1210,RELS,https://planner.langaracs.ca/courses/RELS/1210,1
RELS 1215,RELS,https://planner.langaracs.ca/courses/RELS/1215,1
RELS 1220,RELS,https://planner.langaracs.ca/courses/RELS/1220,1
RELS 1230,RELS,https://planner.langaracs.ca/courses/RELS/1230,1
BUSM 4120,BUSM,https://planner.langaracs.ca/courses/BUSM/4120,0
JOUR 1288,JOUR,https://planner.langaracs.ca/courses/JOUR/1288,1
JOUR 2178,JOUR,https://planner.langaracs.ca/courses/JOUR/2178,1
JOUR 2398,JOUR,https://planner.langaracs.ca/courses/JOUR/2398,1
MATH 2382,MATH,https://planner.langaracs.ca/courses/MATH/2382,0
PHYS 1219,PHYS,https://planner.langaracs.ca/courses/PHYS/1219,0
PHYS 1115,PHYS,https://planner.langaracs.ca/courses/PHYS/1115,1
PHYS 1125,PHYS,https://planner.langaracs.ca/courses/PHYS/1125,3
GERO 2415,GERO,https://planner.langaracs.ca/courses/GERO/2415,0
HSCI 2295,HSCI,https://planner.langaracs.ca/courses/HSCI/2295,0
HSCI 1195,HSCI,https://planner.langaracs.ca/courses/HSCI/1195,2
BUSM 3392,BUSM,https://planner.langaracs.ca/courses/BUSM/3392,0
LATN 1117,LATN,https://planner.langaracs.ca/courses/LATN/1117,1
LATN 1115,LATN,https://planner.langaracs.ca/courses/LATN/1115,1
BIOL 1191,BIOL,https://planner.langaracs.ca/courses/BIOL/1191,1
DSGN 2351,DSGN,https://planner.langaracs.ca/courses/DSGN/2351,0
DANA 4820,DANA,https://planner.langaracs.ca/courses/DANA/4820,2
FMGT 4520,FMGT,https://planner.langaracs.ca/courses/FMGT/4520,0
FMGT 3223,FMGT,https://planner.langaracs.ca/courses/FMGT/3223,1
FINA 2230,FINA,https://planner.langaracs.ca/courses/FINA/2230,0
WMST 2270,WMST,https://planner.langaracs.ca/courses/WMST/2270,0
SPAN 1115,SPAN,https://planner.langaracs.ca/courses/SPAN/1115,2
NURS 1104,NURS,https://planner.langaracs.ca/courses/NURS/1104,1
GERO 2100,GERO,https://planner.langaracs.ca/courses/GERO/2100,1
GERO 2215,GERO,https://planner.langaracs.ca/courses/GERO/2215,0
COOP 4303,COOP,https://planner.langaracs.ca/courses/COOP/4303,0
COOP 3302,COOP,https://planner.langaracs.ca/courses/COOP/3302,1
COOP 3303,COOP,https://planner.langaracs.ca/courses/COOP/3303,1
JOUR 1225,JOUR,https://planner.langaracs.ca/courses/JOUR/1225,0
JOUR 1220,JOUR,https://planner.langaracs.ca/courses/JOUR/1220,0
JOUR 1200,JOUR,https://planner.langaracs.ca/courses/JOUR/1200,0
JOUR 2410,JOUR,https://planner.langaracs.ca/courses/JOUR/2410,0
JOUR 1290,JOUR,https://planner.langaracs.ca/courses/JOUR/1290,0
JOUR 2458,JOUR,https://planner.langaracs.ca/courses/JOUR/2458,1
JOUR 1230,JOUR,https://planner.langaracs.ca/courses/JOUR/1230,0
KINS 3303,KINS,https://planner.langaracs.ca/courses/KINS/3303,0
KINS 1103,KINS,https://planner.langaracs.ca/courses/KINS/1103,1
KINS 1120,KINS,https://planner.langaracs.ca/courses/KINS/1120,1
GEOG 2275,GEOG,https://planner.langaracs.ca/courses/GEOG/2275,1
GEOG 1110,GEOG,https://planner.langaracs.ca/courses/GEOG/1110,4
GEOG 1120,GEOG,https://planner.langaracs.ca/courses/GEOG/1120,4
GEOG 1130,GEOG,https://planner.langaracs.ca/courses/GEOG/1130,4
GEOG 1150,GEOG,https://planner.langaracs.ca/courses/GEOG/1150,4
GEOG 1155,GEOG,https://planner.langaracs.ca/courses/GEOG/1155,4
GEOG 1160,GEOG,https://planner.langaracs.ca/courses/GEOG/1160,4
GEOG 1170,GEOG,https://planner.langaracs.ca/courses/GEOG/1170,3
GEOG 2155,GEOG,https://planner.langaracs.ca/courses/GEOG/2155,1
FINA 2290,FINA,https://planner.langaracs.ca/courses/FINA/2290,0
AHIS 1112,AHIS,https://planner.langaracs.ca/courses/AHIS/1112,1
AHIS 1114,AHIS,https://planner.langaracs.ca/courses/AHIS/1114,1
AHIS 1212,AHIS,https://planner.langaracs.ca/courses/AHIS/1212,2
AHIS 1214,AHIS,https://planner.langaracs.ca/courses/AHIS/1214,1
AHIS 1301,AHIS,https://planner.langaracs.ca/courses/AHIS/1301,1
AHIS 1302,AHIS,https://planner.langaracs.ca/courses/AHIS/1302,1
MATH 2373,MATH,https://planner.langaracs.ca/courses/MATH/2373,0
NURS 1109,NURS,https://planner.langaracs.ca/courses/NURS/1109,4
NURS 1121,NURS,https://planner.langaracs.ca/courses/NURS/1121,4
NURS 1130,NURS,https://planner.langaracs.ca/courses/NURS/1130,4
NURS 1160,NURS,https://planner.langaracs.ca/courses/NURS/1160,4
NURS 1163,NURS,https://planner.langaracs.ca/courses/NURS/1163,5
BUSM 3400,BUSM,https://planner.langaracs.ca/courses/BUSM/3400,0
PHYS 2424,PHYS,https://planner.langaracs.ca/courses/PHYS/2424,0
PHYS 1225,PHYS,https://planner.langaracs.ca/courses/PHYS/1225,2
CPSC 2480,CPSC,https://planner.langaracs.ca/courses/CPSC/2480,0
KINS 1160,KINS,https://planner.langaracs.ca/courses/KINS/1160,0
KINS 2262,KINS,https://planner.langaracs.ca/courses/KINS/2262,0
KINS 1150,KINS,https://planner.langaracs.ca/courses/KINS/1150,0
FINA 2220,FINA,https://planner.langaracs.ca/courses/FINA/2220,0
FMGT 4816,FMGT,https://planner.langaracs.ca/courses/FMGT/4816,2
BINF 4100,BINF,https://planner.langaracs.ca/courses/BINF/4100,0
FREN 1118,FREN,https://planner.langaracs.ca/courses/FREN/1118,0
ENGL 1106,ENGL,https://planner.langaracs.ca/courses/ENGL/1106,1
MARK 1200,MARK,https://planner.langaracs.ca/courses/MARK/1200,0
MARK 2500,MARK,https://planner.langaracs.ca/courses/MARK/2500,0
LATN 2225,LATN,https://planner.langaracs.ca/courses/LATN/2225,1
JOUR 2470,JOUR,https://planner.langaracs.ca/courses/JOUR/2470,0
JOUR 2278,JOUR,https://planner.langaracs.ca/courses/JOUR/2278,1
DSGN 2451,DSGN,https://planner.langaracs.ca/courses/DSGN/2451,0
DSGN 2251,DSGN,https://planner.langaracs.ca/courses/DSGN/2251,0
DSGN 2353,DSGN,https://planner.langaracs.ca/courses/DSGN/2353,0
JOUR 2430,JOUR,https://planner.langaracs.ca/courses/JOUR/2430,0
JOUR 1177,JOUR,https://planner.langaracs.ca/courses/JOUR/1177,1
ECED 1308,ECED,https://planner.langaracs.ca/courses/ECED/1308,0
ECED 1212,ECED,https://planner.langaracs.ca/courses/ECED/1212,1
FLMA 1222,FLMA,https://planner.langaracs.ca/courses/FLMA/1222,0
FLMA 1110,FLMA,https://planner.langaracs.ca/courses/FLMA/1110,2
FLMA 1210,FLMA,https://planner.langaracs.ca/courses/FLMA/1210,0
WMDD 4985,WMDD,https://planner.langaracs.ca/courses/WMDD/4985,0
GREK 1115,GREK,https://planner.langaracs.ca/courses/GREK/1115,1
PSYC 2323,PSYC,https://planner.langaracs.ca/courses/PSYC/2323,0
PSYC 2327,PSYC,https://planner.langaracs.ca/courses/PSYC/2327,0
PSYC 2322,PSYC,https://planner.langaracs.ca/courses/PSYC/2322,0
PSYC 2426,PSYC,https://planner.langaracs.ca/courses/PSYC/2426,0
LATN 2227,LATN,https://planner.langaracs.ca/courses/LATN/2227,0
THEA 3560,THEA,https://planner.langaracs.ca/courses/THEA/3560,0
THEA 2460,THEA,https://planner.langaracs.ca/courses/THEA/2460,1
DSGN 2256,DSGN,https://planner.langaracs.ca/courses/DSGN/2256,0
FLMA 1261,FLMA,https://planner.langaracs.ca/courses/FLMA/1261,0
FLMA 1160,FLMA,https://planner.langaracs.ca/courses/FLMA/1160,2
FLMA 1262,FLMA,https://planner.langaracs.ca/courses/FLMA/1262,0
WMDD 4970,WMDD,https://planner.langaracs.ca/courses/WMDD/4970,0
FINA 2261,FINA,https://planner.langaracs.ca/courses/FINA/2261,0
WMDD 4950,WMDD,https://planner.langaracs.ca/courses/WMDD/4950,0
FLMA 1271,FLMA,https://planner.langaracs.ca/courses/FLMA/1271,0
FLMA 1272,FLMA,https://planner.langaracs.ca/courses/FLMA/1272,0
COOP 2314,COOP,https://planner.langaracs.ca/courses/COOP/2314,0
COOP 2301,COOP,https://planner.langaracs.ca/courses/COOP/2301,4
KINS 2235,KINS,https://planner.langaracs.ca/courses/KINS/2235,0
MATH 1262,MATH,https://planner.langaracs.ca/courses/MATH/1262,0
MATH 1162,MATH,https://planner.langaracs.ca/courses/MATH/1162,1
RECR 2470,RECR,https://planner.langaracs.ca/courses/RECR/2470,0
RECR 2361,RECR,https://planner.langaracs.ca/courses/RECR/2361,0
RECR 1168,RECR,https://planner.langaracs.ca/courses/RECR/1168,0
GERO 2200,GERO,https://planner.langaracs.ca/courses/GERO/2200,0
EDAS 1200,EDAS,https://planner.langaracs.ca/courses/EDAS/1200,0
EDAS 1100,EDAS,https://planner.langaracs.ca/courses/EDAS/1100,1
GREK 1215,GREK,https://planner.langaracs.ca/courses/GREK/1215,0
WMDD 4998,WMDD,https://planner.langaracs.ca/courses/WMDD/4998,0
PHOT 2490,PHOT,https://planner.langaracs.ca/courses/PHOT/2490,1
PHOT 1190,PHOT,https://planner.langaracs.ca/courses/PHOT/1190,1
FINA 2210,FINA,https://planner.langaracs.ca/courses/FINA/2210,0
LIBR 2315,LIBR,https://planner.langaracs.ca/courses/LIBR/2315,0
BIOL 3315,BIOL,https://planner.langaracs.ca/courses/BIOL/3315,1
BIOL 3430,BIOL,https://planner.langaracs.ca/courses/BIOL/3430,1
CPSC 3280,CPSC,https://planner.langaracs.ca/courses/CPSC/3280,1
FLMA 1280,FLMA,https://planner.langaracs.ca/courses/FLMA/1280,0
FLMA 1180,FLMA,https://planner.langaracs.ca/courses/FLMA/1180,1
BINF 4225,BINF,https://planner.langaracs.ca/courses/BINF/4225,0
BINF 4215,BINF,https://planner.langaracs.ca/courses/BINF/4215,1
SSRV 1233,SSRV,https://planner.langaracs.ca/courses/SSRV/1233,0
ABST 2120,ABST,https://planner.langaracs.ca/courses/ABST/2120,0
SPAN 2219,SPAN,https://planner.langaracs.ca/courses/SPAN/2219,0
MATH 1170,MATH,https://planner.langaracs.ca/courses/MATH/1170,5
Calculus 12,HS Course,,5
MARK 2430,MARK,https://planner.langaracs.ca/courses/MARK/2430,0
PHOT 2420,PHOT,https://planner.langaracs.ca/courses/PHOT/2420,1
FINA 1160,FINA,https://planner.langaracs.ca/courses/FINA/1160,1
HSCI 2211,HSCI,https://planner.langaracs.ca/courses/HSCI/2211,0
HSCI 1130,HSCI,https://planner.langaracs.ca/courses/HSCI/1130,5
HKIN 1190,HKIN,https://planner.langaracs.ca/courses/HKIN/1190,5
HSCI 2216,HSCI,https://planner.langaracs.ca/courses/HSCI/2216,0
COOP 2502,COOP,https://planner.langaracs.ca/courses/COOP/2502,3
COOP 2503,COOP,https://planner.langaracs.ca/courses/COOP/2503,2
MARK 2200,MARK,https://planner.langaracs.ca/courses/MARK/2200,0
Precalculus 11,HS Course,,5
Foundations of Math 11,HS Course,,1
Foundations of Math 12,HS Course,,1
Apprentice and Workplace Math 12,HS Course,,1
MATH 1150,MATH,https://planner.langaracs.ca/courses/MATH/1150,5
CMNS 1114,CMNS,https://planner.langaracs.ca/courses/CMNS/1114,1
MATH 1118,MATH,https://planner.langaracs.ca/courses/MATH/1118,2
MATH 1119,MATH,https://planner.langaracs.ca/courses/MATH/1119,2
ENGL 1121,ENGL,https://planner.langaracs.ca/courses/ENGL/1121,5
LEAP,Exam,,5
CRIM 1220,CRIM,https://planner.langaracs.ca/courses/CRIM/1220,0
LPI,Exam,,5
CRIM 1115,CRIM,https://planner.langaracs.ca/courses/CRIM/1115,5
CRIM 1116,CRIM,https://planner.langaracs.ca/courses/CRIM/1116,5
CRIM 1125,CRIM,https://planner.langaracs.ca/courses/CRIM/1125,5
ECON 1119,ECON,https://planner.langaracs.ca/courses/ECON/1119,5
HIST 1116,HIST,https://planner.langaracs.ca/courses/HIST/1116,5
HIST 1126,HIST,https://planner.langaracs.ca/courses/HIST/1126,5
PHIL 1100,PHIL,https://planner.langaracs.ca/courses/PHIL/1100,5
PHIL 1101,PHIL,https://planner.langaracs.ca/courses/PHIL/1101,5
CRIM 2103,CRIM,https://planner.langaracs.ca/courses/CRIM/2103,0
MATH 1190,MATH,https://planner.langaracs.ca/courses/MATH/1190,0
Foundations of Mathematics 12,HS Course,,5
MATH 1101,MATH,https://planner.langaracs.ca/courses/MATH/1101,3
MARK 1250,MARK,https://planner.langaracs.ca/courses/MARK/1250,0
BC English 12,HS Course,,2
BC English Literature 12,HS Course,,2
BC English First Peoples 12,HS Course,,2
CHEM 1114,CHEM,https://planner.langaracs.ca/courses/CHEM/1114,1
Chemistry 11,HS Course,,1
Langara Math Diagnostic Test,Exam,,1
CPSC 1090,CPSC,https://planner.langaracs.ca/courses/CPSC/1090,0
Mathematics Diagnostic Test,Exam,,1
Principles of Physics 12,HS Course,,1
BUSM 1200,BUSM,https://planner.langaracs.ca/courses/BUSM/1200,0
BUSM 2115,BUSM,https://planner.langaracs.ca/courses/BUSM/2115,0
BUSM 1115,BUSM,https://planner.langaracs.ca/courses/BUSM/1115,0
FSIE 1120,FSIE,https://planner.langaracs.ca/courses/FSIE/1120,0
Foundations of Mathematics 11,HS Course,,2
MARK 2100,MARK,https://planner.langaracs.ca/courses/MARK/2100,0
LEAP 8,LEAP,https://planner.langaracs.ca/courses/LEAP/8,5
CPSC 1091,CPSC,https://planner.langaracs.ca/courses/CPSC/1091,0
HSCI 1180,HSCI,https://planner.langaracs.ca/courses/HSCI/1180,3
HSCI 1120,HSCI,https://planner.langaracs.ca/courses/HSCI/1120,3
HSCI 1140,HSCI,https://planner.langaracs.ca/courses/HSCI/1140,3
HSCI 1160,HSCI,https://planner.langaracs.ca/courses/HSCI/1160,3
MATH 1100,MATH,https://planner.langaracs.ca/courses/MATH/1100,1
CRIM 2416,CRIM,https://planner.langaracs.ca/courses/CRIM/2416,0
Langara English Test,Exam,,3
CRIM 2315,CRIM,https://planner.langaracs.ca/courses/CRIM/2315,0
CRIM 2316,CRIM,https://planner.langaracs.ca/courses/CRIM/2316,0
CHEM 1221,CHEM,https://planner.langaracs.ca/courses/CHEM/1221,0
MARK 2400,MARK,https://planner.langaracs.ca/courses/MARK/2400,0
PUBL 1115,PUBL,https://planner.langaracs.ca/courses/PUBL/1115,1
PUBL 1155,PUBL,https://planner.langaracs.ca/courses/PUBL/1155,1
JOUR 1100,JOUR,https://planner.langaracs.ca/courses/JOUR/1100,0
equivalent,HS Course,,1
TOEFL - internet-based (IBT),Exam,,1
CAEL,Exam,,1
CRIM 2104,CRIM,https://planner.langaracs.ca/courses/CRIM/2104,0
ENGL 1135,ENGL,https://planner.langaracs.ca/courses/ENGL/1135,0
ENGL 1395,ENGL,https://planner.langaracs.ca/courses/ENGL/1395,0
RECR 4160,RECR,https://planner.langaracs.ca/courses/RECR/4160,0
RECR 4270,RECR,https://planner.langaracs.ca/courses/RECR/4270,0
RECR 3260,RECR,https://planner.langaracs.ca/courses/RECR/3260,0
RECR 4150,RECR,https://planner.langaracs.ca/courses/RECR/4150,0
RECR 3230,RECR,https://planner.langaracs.ca/courses/RECR/3230,0
FMGT 2308,FMGT,https://planner.langaracs.ca/courses/FMGT/2308,0
SPAN 1205,SPAN,https://planner.langaracs.ca/courses/SPAN/1205,0
SPAN 1118,SPAN,https://planner.langaracs.ca/courses/SPAN/1118,1
CHEM 2250,CHEM,https://planner.langaracs.ca/courses/CHEM/2250,0
MATH 2365,MATH,https://planner.langaracs.ca/courses/MATH/2365,0
CPSC 2301,CPSC,https://planner.langaracs.ca/courses/CPSC/2301,0
ECON 2296,ECON,https://planner.langaracs.ca/courses/ECON/2296,0
LIBR 2419,LIBR,https://planner.langaracs.ca/courses/LIBR/2419,0
MARK 4250,MARK,https://planner.langaracs.ca/courses/MARK/4250,0
PHYS 1114,PHYS,https://planner.langaracs.ca/courses/PHYS/1114,1
MATH 1283,MATH,https://planner.langaracs.ca/courses/MATH/1283,1
Data Analytics Math Assessment Test,Exam,,2
CPSC 2030,CPSC,https://planner.langaracs.ca/courses/CPSC/2030,0
ENVS 2391,ENVS,https://planner.langaracs.ca/courses/ENVS/2391,0
BIOL 1118,BIOL,https://planner.langaracs.ca/courses/BIOL/1118,1
BIOL 1218,BIOL,https://planner.langaracs.ca/courses/BIOL/1218,1
ENVS 2390,ENVS,https://planner.langaracs.ca/courses/ENVS/2390,1
ENVS 2470,ENVS,https://planner.langaracs.ca/courses/ENVS/2470,1
BCAP 4200,BCAP,https://planner.langaracs.ca/courses/BCAP/4200,0
BUSM 3500,BUSM,https://planner.langaracs.ca/courses/BUSM/3500,0
BUSM 4100,BUSM,https://planner.langaracs.ca/courses/BUSM/4100,0
GEOG 2250,GEOG,https://planner.langaracs.ca/courses/GEOG/2250,1
GEOG 2210,GEOG,https://planner.langaracs.ca/courses/GEOG/2210,3
GEOG 2230,GEOG,https://planner.langaracs.ca/courses/GEOG/2230,1
GEOG 2270,GEOG,https://planner.langaracs.ca/courses/GEOG/2270,2
GEOG 1100,GEOG,https://planner.langaracs.ca/courses/GEOG/1100,2
LAMS 1100,LAMS,https://planner.langaracs.ca/courses/LAMS/1100,1
LAMS 1101,LAMS,https://planner.langaracs.ca/courses/LAMS/1101,1
INTB 4100,INTB,https://planner.langaracs.ca/courses/INTB/4100,0
INTB 2000,INTB,https://planner.langaracs.ca/courses/INTB/2000,1
MATH 2371,MATH,https://planner.langaracs.ca/courses/MATH/2371,0
HSCI 2215,HSCI,https://planner.langaracs.ca/courses/HSCI/2215,0
HSCI 2214,HSCI,https://planner.langaracs.ca/courses/HSCI/2214,0
HSCI 2212,HSCI,https://planner.langaracs.ca/courses/HSCI/2212,0
MARK 3210,MARK,https://planner.langaracs.ca/courses/MARK/3210,0
MARK 3200,MARK,https://planner.langaracs.ca/courses/MARK/3200,0
MARK 3150,MARK,https://planner.langaracs.ca/courses/MARK/3150,0
GERO 2225,GERO,https://planner.langaracs.ca/courses/GERO/2225,0
LIBR 1395,LIBR,https://planner.langaracs.ca/courses/LIBR/1395,0
GEOG 2240,GEOG,https://planner.langaracs.ca/courses/GEOG/2240,1
FMGT 2475,FMGT,https://planner.langaracs.ca/courses/FMGT/2475,0
FMGT 1285,FMGT,https://planner.langaracs.ca/courses/FMGT/1285,1
COOP 2302,COOP,https://planner.langaracs.ca/courses/COOP/2302,2
COOP 2303,COOP,https://planner.langaracs.ca/courses/COOP/2303,2
KINS 2280,KINS,https://planner.langaracs.ca/courses/KINS/2280,0
KINS 1101,KINS,https://planner.langaracs.ca/courses/KINS/1101,1
PSYC 2425,PSYC,https://planner.langaracs.ca/courses/PSYC/2425,0
HSCI 2230,HSCI,https://planner.langaracs.ca/courses/HSCI/2230,0
PSYC 2321,PSYC,https://planner.langaracs.ca/courses/PSYC/2321,2
HSCI 2207,HSCI,https://planner.langaracs.ca/courses/HSCI/2207,0
CPSC 2261,CPSC,https://planner.langaracs.ca/courses/CPSC/2261,0
AHIS 1219,AHIS,https://planner.langaracs.ca/courses/AHIS/1219,1
PUBL 1100,PUBL,https://planner.langaracs.ca/courses/PUBL/1100,1
PUBL 1900,PUBL,https://planner.langaracs.ca/courses/PUBL/1900,1
BUSM 1285,BUSM,https://planner.langaracs.ca/courses/BUSM/1285,4
FMGT 2371,FMGT,https://planner.langaracs.ca/courses/FMGT/2371,5
FMGT 2474,FMGT,https://planner.langaracs.ca/courses/FMGT/2474,4
JOUR 2450,JOUR,https://planner.langaracs.ca/courses/JOUR/2450,0
POLI 2275,POLI,https://planner.langaracs.ca/courses/POLI/2275,0
POLI 2265,POLI,https://planner.langaracs.ca/courses/POLI/2265,0
POLI 2255,POLI,https://planner.langaracs.ca/courses/POLI/2255,0
EXPE 4844,EXPE,https://planner.langaracs.ca/courses/EXPE/4844,0
EXPE 4800,EXPE,https://planner.langaracs.ca/courses/EXPE/4800,1
EXPE 4834,EXPE,https://planner.langaracs.ca/courses/EXPE/4834,0
BUSM 2450,BUSM,https://planner.langaracs.ca/courses/BUSM/2450,0
BUSM 1100,BUSM,https://planner.langaracs.ca/courses/BUSM/1100,1
MARK 2000,MARK,https://planner.langaracs.ca/courses/MARK/2000,0
CRIM 2295,CRIM,https://planner.langaracs.ca/courses/CRIM/2295,0
CRIM 1215,CRIM,https://planner.langaracs.ca/courses/CRIM/1215,1
CRIM 1216,CRIM,https://planner.langaracs.ca/courses/CRIM/1216,2
MATH 1210,MATH,https://planner.langaracs.ca/courses/MATH/1210,1
LETN,Exam,,1
EXPE 2300,EXPE,https://planner.langaracs.ca/courses/EXPE/2300,0
SSRV 2000,SSRV,https://planner.langaracs.ca/courses/SSRV/2000,0
BUSM 2300,BUSM,https://planner.langaracs.ca/courses/BUSM/2300,0
CRIM 2415,CRIM,https://planner.langaracs.ca/courses/CRIM/2415,0
CJUS 2418,CJUS,https://planner.langaracs.ca/courses/CJUS/2418,0
SSRV 2001,SSRV,https://planner.langaracs.ca/courses/SSRV/2001,0
CPSC 2190,CPSC,https://planner.langaracs.ca/courses/CPSC/2190,0
KINS 2370,KINS,https://planner.langaracs.ca/courses/KINS/2370,0
KINS 2206,KINS,https://planner.langaracs.ca/courses/KINS/2206,0
Pre-calculus 11,HS Course,,1
Pre-calculus 12,HS Course,,1
